{
  "8e142731-e412-4d06-a560-a93c5de4e316": [
    [
      0.0, 0.4599597752094269, 1.61312997341156, 0.0, 1.510323405265808, 0.0,
      0.0, 2.0260133743286133
    ]
  ],
  "4ccdf4bd-6b8e-4a5c-ab24-3d1eb419a3f0": [
    [0.08687078207731247, 0.0, 0.0, 0.0, 0.0, 0.0, 0.0, 0.0]
  ],
  "700e6fd2-510c-44ac-afee-11c9868bc378": [
    [0.0, 0.0, 0.0, 0.16199766099452972, 0.0014559142291545868, 0.0, 0.0, 0.0]
  ],
  "e33ff90e-38ba-4195-bb95-91d1da76836e": [
    [
      0.0, 0.0, 0.514620840549469, 0.0, 0.4043237566947937, 0.0, 0.0,
      0.40097564458847046
    ]
  ],
  "be64541c-ada2-4794-89b0-aff0ee94545d": [
    [
      0.0, 0.13682159781455994, 0.4871499836444855, 0.0, 0.38729146122932434,
      0.0, 0.0, 0.2849828600883484
    ]
  ],
  "8983c139-7de8-4df9-abe5-e282784b5e7a": [
    [0.0, 0.0, 0.0, 3.6258184909820557, 0.0, 0.0, 0.0, 0.0]
  ]
}
