{"a2ad403e-d6f3-4ec1-ab6b-0514d36144f6": [-0.0169192124158144], "cefb02e5-dbd9-4d03-b58e-b426d38d2e0c": [-0.05725802481174469], "d4e4bfa8-81e1-4069-9ab3-483d8cfbab36": [-0.014667266979813576], "864bf00d-ed60-4f88-89b8-6020ecfd2b1b": [-0.08633216470479965], "6fe023cf-5b33-4529-85c9-564af98dfc4d": [0.04052978381514549]}