{"8e142731-e412-4d06-a560-a93c5de4e316": [0.004668799228966236], "4ccdf4bd-6b8e-4a5c-ab24-3d1eb419a3f0": [0.03297647833824158], "700e6fd2-510c-44ac-afee-11c9868bc378": [0.11187580972909927], "e33ff90e-38ba-4195-bb95-91d1da76836e": [0.030105022713541985], "be64541c-ada2-4794-89b0-aff0ee94545d": [0.017264166846871376], "eb385aba-53fc-451f-8ad6-3b30642db0d7": [0.0038729000370949507], "8983c139-7de8-4df9-abe5-e282784b5e7a": [0.1387549340724945], "09241407-6780-479f-945f-37f8927f279e": [-0.01359843835234642], "69d3af7f-c671-45d0-91fa-b57ca0f20544": [-0.11231505870819092]}