{"8e142731-e412-4d06-a560-a93c5de4e316": [0.014654201455414295], "4ccdf4bd-6b8e-4a5c-ab24-3d1eb419a3f0": [0.035401467233896255], "700e6fd2-510c-44ac-afee-11c9868bc378": [0.08237309008836746], "e33ff90e-38ba-4195-bb95-91d1da76836e": [0.03711170703172684], "be64541c-ada2-4794-89b0-aff0ee94545d": [0.02858775295317173], "8983c139-7de8-4df9-abe5-e282784b5e7a": [0.06568317860364914], "09241407-6780-479f-945f-37f8927f279e": [0.04312455654144287], "69d3af7f-c671-45d0-91fa-b57ca0f20544": [-0.20930109918117523]}