{"a2ad403e-d6f3-4ec1-ab6b-0514d36144f6": [[0.0, 0.0, 0.4163893163204193, 0.0, 0.0, 0.0, 0.5806217193603516, 0.08426929265260696]], "cefb02e5-dbd9-4d03-b58e-b426d38d2e0c": [[0.0, 0.0, 0.4589230716228485, 0.0, 0.0, 0.0, 0.0, 0.7512454390525818]], "d4e4bfa8-81e1-4069-9ab3-483d8cfbab36": [[0.0, 0.0, 0.0, 0.0, 0.0, 0.0, 0.0, 0.0]], "864bf00d-ed60-4f88-89b8-6020ecfd2b1b": [[0.0, 0.7656431794166565, 0.0, 0.0, 0.7202823758125305, 0.3490307629108429, 0.3525109887123108, 0.344734251499176]], "6fe023cf-5b33-4529-85c9-564af98dfc4d": [[0.0, 1.6472841501235962, 0.0, 0.0, 1.4365233182907104, 0.6637923121452332, 1.0656723976135254, 1.0893455743789673]]}