{"a2ad403e-d6f3-4ec1-ab6b-0514d36144f6": [[0.2660064399242401, 0.26158326864242554, 0.12022747099399567, 0.21941561996936798, 0.0, 0.16931739449501038, 0.0, 0.14069268107414246]], "cefb02e5-dbd9-4d03-b58e-b426d38d2e0c": [[0.2333354651927948, 0.20797376334667206, 0.28807783126831055, 0.0, 0.0, 0.007946718484163284, 0.0, 0.22025378048419952]], "d4e4bfa8-81e1-4069-9ab3-483d8cfbab36": [[0.0, 0.0, 0.0, 0.0, 0.0, 0.47011709213256836, 0.0, 0.0]], "864bf00d-ed60-4f88-89b8-6020ecfd2b1b": [[0.6765190362930298, 0.3425534963607788, 0.7501091361045837, 0.09083385020494461, 0.0, 0.0, 0.0, 0.25757843255996704]], "6fe023cf-5b33-4529-85c9-564af98dfc4d": [[1.0541634559631348, 0.9520912170410156, 1.1923463344573975, 1.490056037902832, 0.0, 0.0, 0.003628905862569809, 0.0]]}