{"8e142731-e412-4d06-a560-a93c5de4e316": [[0.0, 0.0, 0.0, 0.0, 0.0, 0.0, 0.0, 0.0]], "4ccdf4bd-6b8e-4a5c-ab24-3d1eb419a3f0": [[0.0, 0.0, 0.0, 0.0, 0.0, 0.0, 0.0, 0.0]], "700e6fd2-510c-44ac-afee-11c9868bc378": [[0.0, 0.0, 0.8366006016731262, 0.0, 0.5800872445106506, 0.0, 0.0, 0.8317751884460449]], "e33ff90e-38ba-4195-bb95-91d1da76836e": [[0.0, 0.0, 0.0, 0.0, 0.0, 0.0, 0.0, 0.0]], "be64541c-ada2-4794-89b0-aff0ee94545d": [[0.0, 0.0, 0.0, 0.0, 0.0, 0.0, 0.0, 0.0]], "8983c139-7de8-4df9-abe5-e282784b5e7a": [[0.0, 0.024828625842928886, 1.9386168718338013, 0.0, 1.841733455657959, 0.0, 0.0, 2.141007423400879]]}