{"8e142731-e412-4d06-a560-a93c5de4e316": [-0.122767873108387], "4ccdf4bd-6b8e-4a5c-ab24-3d1eb419a3f0": [0.03233781456947327], "700e6fd2-510c-44ac-afee-11c9868bc378": [0.0687013491988182], "e33ff90e-38ba-4195-bb95-91d1da76836e": [0.0166672021150589], "be64541c-ada2-4794-89b0-aff0ee94545d": [0.08393220603466034], "8983c139-7de8-4df9-abe5-e282784b5e7a": [0.07065661251544952]}