{"8e142731-e412-4d06-a560-a93c5de4e316": [[0.0, 0.2781108021736145, 0.5091578364372253, 0.0, 0.20841005444526672, 0.340951532125473, 0.29018646478652954, 0.0]], "4ccdf4bd-6b8e-4a5c-ab24-3d1eb419a3f0": [[0.41205504536628723, 0.048068344593048096, 0.0, 0.21166115999221802, 0.0, 0.054197341203689575, 0.4286089539527893, 0.0]], "700e6fd2-510c-44ac-afee-11c9868bc378": [[0.49495530128479004, 0.5918458700180054, 0.0, 0.8030440807342529, 0.0, 0.0, 1.212485671043396, 0.0]], "e33ff90e-38ba-4195-bb95-91d1da76836e": [[0.09018947184085846, 0.5398185849189758, 0.15452837944030762, 0.1908300817012787, 0.0, 0.18569526076316833, 0.5252342224121094, 0.0]], "be64541c-ada2-4794-89b0-aff0ee94545d": [[0.4270769953727722, 0.03777039051055908, 0.0, 0.06085733324289322, 0.025563079863786697, 0.0, 0.5406435132026672, 0.0]], "8983c139-7de8-4df9-abe5-e282784b5e7a": [[2.007753372192383, 2.101456880569458, 0.0, 2.4974863529205322, 0.0, 0.0, 2.8701562881469727, 0.0]], "09241407-6780-479f-945f-37f8927f279e": [[0.21498176455497742, 0.43918102979660034, 0.17598798871040344, 0.345308780670166, 0.041673511266708374, 0.11921156942844391, 0.739666759967804, 0.0]], "69d3af7f-c671-45d0-91fa-b57ca0f20544": [[0.0, 0.0, 1.050811529159546, 0.0, 1.5747238397598267, 0.9359427094459534, 0.0, 0.0]]}