{"8e142731-e412-4d06-a560-a93c5de4e316": [[0.5687433481216431, 0.0, 0.0, 0.0, 0.965244710445404, 0.0, 0.18616269528865814, 0.29892241954803467]], "4ccdf4bd-6b8e-4a5c-ab24-3d1eb419a3f0": [[0.1948181688785553, 0.43140745162963867, 0.8998131155967712, 0.3883681893348694, 0.239961177110672, 0.25772643089294434, 0.3939553499221802, 0.24406851828098297]], "700e6fd2-510c-44ac-afee-11c9868bc378": [[1.278739094734192, 0.08164601027965546, 0.6955704689025879, 0.0, 2.1329565048217773, 0.0, 0.6975443959236145, 0.0]], "e33ff90e-38ba-4195-bb95-91d1da76836e": [[0.2957354485988617, 0.449310302734375, 0.9449721574783325, 0.5282046794891357, 0.1553887575864792, 0.28061187267303467, 0.28040611743927, 0.26546889543533325]], "be64541c-ada2-4794-89b0-aff0ee94545d": [[0.354957640171051, 0.4542357921600342, 0.4524156153202057, 0.704270601272583, 0.37240251898765564, 0.2530292570590973, 0.3603802025318146, 0.43778061866760254]], "eb385aba-53fc-451f-8ad6-3b30642db0d7": [[0.3987704813480377, 0.5547441244125366, 0.5237312316894531, 0.4083925485610962, 0.4929351508617401, 0.3092522919178009, 0.30093440413475037, 0.3234283924102783]], "8983c139-7de8-4df9-abe5-e282784b5e7a": [[2.139979124069214, 1.4454855918884277, 3.518418550491333, 1.7445628643035889, 2.956117630004883, 0.24550533294677734, 2.1241352558135986, 1.3877826929092407]], "09241407-6780-479f-945f-37f8927f279e": [[0.8986442685127258, 0.0, 0.16290411353111267, 0.0, 1.6117794513702393, 0.0, 0.3834942877292633, 0.015934325754642487]], "69d3af7f-c671-45d0-91fa-b57ca0f20544": [[0.0, 1.7497063875198364, 1.26079261302948, 1.919734001159668, 0.0, 1.9197481870651245, 0.19651968777179718, 1.238152265548706]]}