{
  "8e142731-e412-4d06-a560-a93c5de4e316": [0.053432438522577286],
  "4ccdf4bd-6b8e-4a5c-ab24-3d1eb419a3f0": [-0.007486515212804079],
  "700e6fd2-510c-44ac-afee-11c9868bc378": [0.07461126893758774],
  "e33ff90e-38ba-4195-bb95-91d1da76836e": [0.04896015673875809],
  "be64541c-ada2-4794-89b0-aff0ee94545d": [0.011157264932990074],
  "8983c139-7de8-4df9-abe5-e282784b5e7a": [0.13762187957763672]
}
