{"062b735b-e094-4e8f-992a-a8e7fb15825d": [[0.0, 0.0, 0.0, 0.0, 0.023649141192436218, 1.0699208974838257, 0.0, 0.46020811796188354, 0.0, 0.0, 0.05405296012759209, 0.0, 0.0, 0.36747175455093384, 0.0, 0.4180930256843567, 0.0, 0.0, 0.4732208251953125, 0.0, 1.2733649015426636, 0.1051415205001831, 0.7661334276199341, 0.3168646991252899, 0.17798443138599396, 0.0, 0.2762277126312256, 0.0, 0.0, 0.6510050892829895, 0.0, 0.08196689188480377, 0.7667714357376099, 0.0, 0.4782765209674835, 0.0, 0.0, 0.0, 0.0, 0.0, 1.0550298690795898, 0.1743069291114807, 0.09906842559576035, 0.6742286086082458, 0.08018042147159576, 1.190133810043335, 0.0, 0.08286049962043762]], "532f7118-08b0-43b2-b59e-4e77882c0505": [[0.0, 0.0, 0.2594470679759979, 0.0, 0.49411481618881226, 0.0, 0.0, 0.322245329618454, 0.0, 0.0, 0.0, 0.0, 0.0, 0.5026013255119324, 0.4899446368217468, 0.0, 0.0, 0.0, 0.35519659519195557, 0.0, 0.0, 0.0, 0.0, 0.0, 0.15788058936595917, 0.0, 0.0, 0.0, 0.0, 0.0, 0.0, 0.3640434741973877, 0.0, 0.0, 0.0, 0.0, 0.0, 0.0, 0.18522895872592926, 0.4149487018585205, 0.0, 0.025275813415646553, 0.0, 0.0, 0.2882518768310547, 0.0, 0.0, 0.0]], "e03c0a22-9736-4af2-b116-1f599bdb53cb": [[0.0, 0.04904073849320412, 0.27491047978401184, 0.0, 0.28764188289642334, 0.0, 0.0, 0.15064261853694916, 0.0, 0.0, 0.0, 0.0, 0.0, 0.3656647801399231, 0.5351770520210266, 0.0, 0.0, 0.0, 0.3301977217197418, 0.0, 0.0, 0.10765726864337921, 0.0, 0.0, 0.27255940437316895, 0.0, 0.0, 0.3002137243747711, 0.0, 0.0973028838634491, 0.0, 0.464896559715271, 0.0, 0.0, 0.007856251671910286, 0.0, 0.0, 0.0, 0.15027576684951782, 0.2617005407810211, 0.0, 0.41296422481536865, 0.0, 0.1481136828660965, 0.33589890599250793, 0.0, 0.0, 0.18476469814777374]]}