{"062b735b-e094-4e8f-992a-a8e7fb15825d": [0.05905904248356819], "532f7118-08b0-43b2-b59e-4e77882c0505": [0.03010481968522072], "e03c0a22-9736-4af2-b116-1f599bdb53cb": [-0.006961535662412643]}