{"062b735b-e094-4e8f-992a-a8e7fb15825d": [[0.0, 0.20133475959300995, 0.0, 0.0, 0.0, 0.007586922496557236, 0.25196537375450134, 0.0, 0.0, 0.0, 0.1700810194015503, 0.0, 0.0, 0.0, 0.0, 0.0, 0.0, 0.2852897644042969, 0.0, 0.11670361459255219, 0.0, 0.047363799065351486, 0.004918718710541725, 0.0, 0.0, 0.0, 0.0, 0.15980994701385498, 0.0, 0.08519816398620605, 0.05810708925127983, 0.0, 0.0, 0.0, 0.10115811973810196, 0.1049383282661438, 0.17487533390522003, 0.12824411690235138, 0.0, 0.0, 0.0, 0.0, 0.0, 0.0, 0.0, 0.0, 0.21662800014019012, 0.17116442322731018]], "532f7118-08b0-43b2-b59e-4e77882c0505": [[0.11457261443138123, 0.2323923110961914, 0.0, 0.0, 0.0, 0.4744586944580078, 0.06522344052791595, 0.18071170151233673, 0.20484812557697296, 0.0, 0.15103194117546082, 0.0, 0.0, 0.07005728781223297, 0.0, 0.0, 0.0, 0.18183466792106628, 0.0, 0.0, 0.18944787979125977, 0.0, 0.0, 0.0, 0.0, 0.0, 0.22623328864574432, 0.0, 0.2017395794391632, 0.3999232053756714, 0.09580864012241364, 0.0, 0.05417864769697189, 0.0, 0.07377517223358154, 0.0, 0.168399840593338, 0.22447848320007324, 0.2702583968639374, 0.0, 0.0, 0.253257155418396, 0.0, 0.0, 0.0, 0.0, 0.27797049283981323, 0.06588952988386154]], "e03c0a22-9736-4af2-b116-1f599bdb53cb": [[0.14572273194789886, 0.5453662872314453, 0.0, 0.0, 0.0, 0.08873425424098969, 0.305517315864563, 0.008948022499680519, 0.0, 0.0, 0.31391116976737976, 0.0, 0.0, 0.02161318063735962, 0.030113104730844498, 0.0, 0.0, 0.477155476808548, 0.0, 0.0, 0.0, 0.3733539581298828, 0.0, 0.0, 0.0, 0.0, 0.13115781545639038, 0.03098399192094803, 0.35264796018600464, 0.3739459812641144, 0.28457438945770264, 0.0, 0.16840766370296478, 0.0, 0.27628839015960693, 0.23689337074756622, 0.24421077966690063, 0.18682268261909485, 0.2504054307937622, 0.0, 0.0, 0.0, 0.0, 0.0, 0.0, 0.0, 0.36831820011138916, 0.37316641211509705]]}