{
  "5f5a90e2-6601-480c-bc08-7592e06beacd": [
    [
      0.3408689498901367, 0.0036139795556664467, 0.0, 0.5411861538887024,
      0.42673981189727783, 0.0, 0.6501767635345459, 0.0, 0.0,
      0.8692508339881897, 0.2783862352371216, 0.0, 0.3853587508201599,
      1.0091009140014648, 0.0, 0.9232059717178345, 1.1362287998199463, 0.0,
      0.5014075040817261, 1.0593944787979126, 1.1019099950790405,
      0.12093112617731094, 0.0, 0.6443394422531128, 0.0, 0.533740222454071, 0.0,
      0.37199750542640686, 0.9584546089172363, 0.6675899028778076,
      0.6697351932525635, 0.012460708618164062, 0.0, 0.07740895450115204,
      0.6319704651832581, 0.38853830099105835, 0.0, 0.0, 0.38475102186203003,
      0.0, 0.45778149366378784, 0.8464265465736389, 0.6951583027839661, 0.0,
      0.0, 0.77244633436203, 0.44246038794517517, 0.0
    ]
  ],
  "0db6b893-14aa-4ae5-8e57-692ca7943ab5": [
    [
      0.0, 0.0, 0.4720165431499481, 0.14551880955696106, 0.8881896734237671,
      0.0, 0.44644996523857117, 0.0, 0.0, 0.0, 0.0, 0.0, 0.653171181678772, 0.0,
      0.0, 0.0, 0.0, 0.0, 0.5946913957595825, 0.0, 0.0, 0.0, 0.0,
      0.13789686560630798, 0.0, 0.44807085394859314, 0.0, 0.4590039551258087,
      0.5807998776435852, 0.0, 0.18799982964992523, 0.14736208319664001, 0.0,
      0.15989942848682404, 0.0, 0.3817334771156311, 0.0, 0.0,
      0.5311082601547241, 0.0, 0.39696890115737915, 0.41793280839920044,
      0.35928231477737427, 0.0, 0.0, 0.0, 0.7760292291641235, 0.0
    ]
  ]
}
