{"5f5a90e2-6601-480c-bc08-7592e06beacd": [[0.0, 0.0, 1.1179128885269165, 0.0, 1.6324799060821533, 1.5744447708129883, 0.0, 0.0, 0.0, 0.0, 0.35617443919181824, 0.0, 1.2559877634048462, 0.0, 1.025991439819336, 0.0, 0.5250092148780823, 0.820382833480835, 0.0, 0.0, 0.05011701583862305, 0.0, 0.0, 1.3849228620529175, 0.0, 1.1892986297607422, 1.0775846242904663, 0.28506290912628174, 0.316508948802948, 0.0, 0.0, 0.0, 1.0049424171447754, 1.0702701807022095, 0.0, 0.0, 0.0, 0.4543076753616333, 0.0, 1.0868167877197266, 0.3486221432685852, 1.3849762678146362, 0.09957212954759598, 0.0, 1.1398119926452637, 0.8133153915405273, 0.0, 0.972830057144165]], "0db6b893-14aa-4ae5-8e57-692ca7943ab5": [[0.0, 0.0, 0.17517657577991486, 0.0, 0.07506077736616135, 0.0, 0.0, 0.0, 0.0, 0.0, 0.4012266993522644, 0.0, 0.0, 0.0, 0.09687823057174683, 0.0, 0.27337646484375, 0.4311685860157013, 0.0, 0.1582837998867035, 0.0, 0.0, 0.0, 0.0, 0.09950937330722809, 0.25201430916786194, 0.0, 0.14404210448265076, 0.1592654585838318, 0.0, 0.0, 0.0, 0.20738191902637482, 0.0, 0.0, 0.0, 0.0, 0.27020159363746643, 0.0, 0.0, 0.222173810005188, 0.19196705520153046, 0.026822155341506004, 0.0, 0.011190615594387054, 0.5371269583702087, 0.0, 0.0]]}