{"5f5a90e2-6601-480c-bc08-7592e06beacd": [[0.25345051288604736, 0.0, 0.0, 0.1793089359998703, 0.0, 0.2944641411304474, 0.16773885488510132, 0.0, 0.42565494775772095, 0.3348982632160187, 0.24658755958080292, 0.2945338487625122, 0.18093885481357574, 0.3208278715610504, 0.0, 0.0, 0.0, 0.0946556031703949, 0.0, 0.0, 0.0, 0.0, 0.28682324290275574, 0.2728094160556793, 0.3124261498451233, 0.0, 0.0, 0.0, 0.19355392456054688, 0.24909356236457825, 0.2732105851173401, 0.0, 0.0, 0.0, 0.28556016087532043, 0.009731844067573547, 0.0, 0.3400662839412689, 0.318642795085907, 0.0, 0.0, 0.41566669940948486, 0.05633780360221863, 0.3108624517917633, 0.0, 0.0, 0.29319900274276733, 0.003692254424095154]], "0db6b893-14aa-4ae5-8e57-692ca7943ab5": [[0.22052034735679626, 0.0, 0.0, 0.0, 0.0, 0.0, 0.18665871024131775, 0.0, 0.15715846419334412, 0.0, 0.20138069987297058, 0.0, 0.0, 0.0, 0.0, 0.1565747857093811, 0.0, 0.1922166794538498, 0.0, 0.0, 0.0, 0.08120127022266388, 0.09762170910835266, 0.0, 0.1408843994140625, 0.0, 0.0, 0.0, 0.0, 0.2323606312274933, 0.11011141538619995, 0.0, 0.0, 0.0, 0.339053750038147, 0.1776638776063919, 0.0, 0.030132733285427094, 0.0, 0.12560567259788513, 0.0, 0.1119508296251297, 0.36503466963768005, 0.0, 0.0, 0.0, 0.10031796246767044, 0.26619279384613037]]}