{"5f5a90e2-6601-480c-bc08-7592e06beacd": [[0.0, 0.0, 0.0, 0.0, 0.0, 0.4280378222465515, 0.0, 0.437954843044281, 0.10482330620288849, 0.10519067943096161, 0.0, 0.6567447781562805, 0.3094935417175293, 0.210404634475708, 0.0, 0.14665673673152924, 0.0, 0.6823592185974121, 0.3948405385017395, 0.27040916681289673, 0.4114120602607727, 0.0, 0.0, 0.0, 0.0, 0.0, 0.0, 0.5039475560188293, 0.0, 0.0, 0.0, 0.7425510287284851, 0.0, 0.0, 0.630183756351471, 0.7431559562683105, 0.0, 0.750645101070404, 0.6697483062744141, 0.8722243309020996, 0.0, 0.0, 0.16613999009132385, 0.0, 0.0, 0.5252121686935425, 0.7359587550163269, 0.0]], "0db6b893-14aa-4ae5-8e57-692ca7943ab5": [[0.0, 0.0, 0.0, 0.0, 0.0, 0.24531276524066925, 0.0, 0.15355952084064484, 0.35205313563346863, 0.3384723961353302, 0.0022750869393348694, 0.0, 0.1896374225616455, 0.2719058096408844, 0.0, 0.14621073007583618, 0.0, 0.0, 0.09433011710643768, 0.0, 0.06921226531267166, 0.0, 0.0, 0.0, 0.0, 0.0, 0.0, 0.048909515142440796, 0.0, 0.0, 0.0, 0.15425989031791687, 0.2683354616165161, 0.0, 0.0, 0.09125635027885437, 0.0, 0.0, 0.0, 0.0, 0.0, 0.0, 0.0, 0.0, 0.0, 0.06709075719118118, 0.2477930784225464, 0.0]]}