{"22a9acc5-428a-41d4-b056-9bebe9183afe": [[0.9508828520774841, 0.7207171320915222, 1.328579068183899, 0.0, 0.7890050411224365, 0.9104326367378235, 1.0831743478775024, 0.29940932989120483]], "45ba1903-cafe-4e57-b7ec-1de402d32cc1": [[1.4124029874801636, 1.162834882736206, 1.8618625402450562, 0.0, 1.0365941524505615, 1.4156286716461182, 1.727644443511963, 0.8016626834869385]], "37e5167f-10d9-429d-99c4-260d68e39307": [[0.0, 0.0, 0.0, 0.09415128827095032, 0.0, 0.0, 0.0, 0.0]], "467f58b6-c640-493a-aceb-36dea9881778": [[0.0, 0.0, 0.0, 0.10630078613758087, 0.0, 0.0, 0.0, 0.0]], "41edbc3e-2636-4806-bd87-4c19f273bb3c": [[1.6604255437850952, 1.341020941734314, 1.9873579740524292, 0.0, 1.180262565612793, 1.6037737131118774, 1.9987742900848389, 0.7605639696121216]], "6f6235eb-a751-43f2-8bad-506c884635db": [[0.5274589657783508, 0.9550880193710327, 0.8662054538726807, 2.643745183944702, 0.396649569272995, 0.7422518730163574, 0.7733065485954285, 2.9786217212677]]}