{"22a9acc5-428a-41d4-b056-9bebe9183afe": [[0.0, 0.0, 1.2521581649780273, 0.6171066761016846, 1.0207427740097046, 0.0, 0.9020254015922546, 0.4907311201095581]], "45ba1903-cafe-4e57-b7ec-1de402d32cc1": [[0.0, 0.0, 0.0, 0.5008255243301392, 0.009969368577003479, 1.2193585634231567, 0.0, 0.5052781701087952]], "37e5167f-10d9-429d-99c4-260d68e39307": [[0.05786927044391632, 0.06899197399616241, 0.04210132360458374, 0.01316436380147934, 0.010587494820356369, 0.0, 0.00963064655661583, 0.020577315241098404]], "467f58b6-c640-493a-aceb-36dea9881778": [[0.15929533541202545, 0.1130375787615776, 0.0, 0.06796230375766754, 0.0044817253947257996, 0.01251479983329773, 0.0034321770071983337, 0.0]], "41edbc3e-2636-4806-bd87-4c19f273bb3c": [[0.0, 0.0, 1.3321952819824219, 0.46369317173957825, 0.8522690534591675, 0.0, 0.9856823086738586, 0.7463507652282715]], "6f6235eb-a751-43f2-8bad-506c884635db": [[5.499084949493408, 5.681728363037109, 0.0, 0.0, 0.0, 0.0, 0.0, 0.0]]}