{"def74e9c-ed9d-42fc-a20e-00cc35d69c24": [[0.0, 0.0, 0.0, 0.0, 0.0, 0.0026228222995996475, 0.0, 0.0]], "a334c01f-0592-4f67-ae22-f15b486c369a": [[0.0, 1.347800850868225, 1.967607021331787, 0.0, 0.0, 0.5719596147537231, 0.0, 0.0]]}