{"22a9acc5-428a-41d4-b056-9bebe9183afe": [-0.1084546372294426], "45ba1903-cafe-4e57-b7ec-1de402d32cc1": [-0.058647025376558304], "37e5167f-10d9-429d-99c4-260d68e39307": [0.022724265232682228], "467f58b6-c640-493a-aceb-36dea9881778": [0.025628309696912766], "41edbc3e-2636-4806-bd87-4c19f273bb3c": [-0.06524241715669632], "6f6235eb-a751-43f2-8bad-506c884635db": [0.18975430727005005]}