{
  "45ba1903-cafe-4e57-b7ec-1de402d32cc1": [
    [0.0, 0.0, 0.0, 0.9902949333190918, 0.0, 0.0, 0.0, 0.0]
  ],
  "22a9acc5-428a-41d4-b056-9bebe9183afe": [
    [0.0, 0.0, 0.0, 0.0, 0.43616536259651184, 0.347064346075058, 0.0, 0.0]
  ],
  "37e5167f-10d9-429d-99c4-260d68e39307": [
    [
      0.0, 0.13093580305576324, 0.0, 0.0, 0.30206456780433655, 0.0, 0.0,
      0.3981190323829651
    ]
  ],
  "467f58b6-c640-493a-aceb-36dea9881778": [
    [0.0, 0.0, 0.0, 0.0, 0.7535679340362549, 0.0, 0.0, 0.0]
  ],
  "6f6235eb-a751-43f2-8bad-506c884635db": [
    [0.0, 0.0, 0.0, 2.933609962463379, 0.0, 0.0, 0.0, 0.0]
  ],
  "41edbc3e-2636-4806-bd87-4c19f273bb3c": [
    [0.0, 0.0, 0.0, 2.966843366622925, 0.0, 0.0, 0.0, 0.0]
  ]
}
