{"5824f94d-3344-4411-9bc2-7695865c28bb": [[0.0, 0.0, 0.0, 0.0, 0.0, 0.0, 0.7374803423881531, 0.0]], "1159430b-08a0-4305-b90b-3d7fd0d9940e": [[0.0, 0.0, 0.0, 0.0, 0.0, 0.0, 1.296392560005188, 0.0800413116812706]]}