{"22a9acc5-428a-41d4-b056-9bebe9183afe": [0.07401640713214874], "45ba1903-cafe-4e57-b7ec-1de402d32cc1": [0.05681881681084633], "37e5167f-10d9-429d-99c4-260d68e39307": [0.061376288533210754], "467f58b6-c640-493a-aceb-36dea9881778": [0.06802504509687424], "41edbc3e-2636-4806-bd87-4c19f273bb3c": [0.15347766876220703], "6f6235eb-a751-43f2-8bad-506c884635db": [-0.11993397027254105]}