{"45ba1903-cafe-4e57-b7ec-1de402d32cc1": [[0.0, 0.27385494112968445, 0.44493189454078674, 0.0, 0.0, 0.3924197554588318, 0.0, 0.0]], "22a9acc5-428a-41d4-b056-9bebe9183afe": [[0.0, 0.0, 0.0, 0.0, 0.0, 0.0, 0.0, 0.0]], "37e5167f-10d9-429d-99c4-260d68e39307": [[0.42093324661254883, 0.0, 0.0, 0.0, 0.38939347863197327, 0.0, 0.19993709027767181, 0.0]], "467f58b6-c640-493a-aceb-36dea9881778": [[0.4429944157600403, 0.0, 0.0, 0.0, 0.3620855212211609, 0.0, 0.23319898545742035, 0.0]], "6f6235eb-a751-43f2-8bad-506c884635db": [[0.0, 0.8576511144638062, 1.597800850868225, 0.0, 0.0, 1.6191993951797485, 0.0, 0.0]], "41edbc3e-2636-4806-bd87-4c19f273bb3c": [[0.0, 0.8664535880088806, 1.3777673244476318, 0.0, 0.0, 1.8142179250717163, 0.0, 0.0]]}