{"22a9acc5-428a-41d4-b056-9bebe9183afe": [0.10816521942615509], "45ba1903-cafe-4e57-b7ec-1de402d32cc1": [0.11985159665346146], "37e5167f-10d9-429d-99c4-260d68e39307": [-0.09109212458133698], "467f58b6-c640-493a-aceb-36dea9881778": [0.022201258689165115], "41edbc3e-2636-4806-bd87-4c19f273bb3c": [0.06995055824518204], "6f6235eb-a751-43f2-8bad-506c884635db": [-0.027242815122008324]}