{"5824f94d-3344-4411-9bc2-7695865c28bb": [-0.07586120069026947], "1159430b-08a0-4305-b90b-3d7fd0d9940e": [-0.08272519707679749]}