{"22a9acc5-428a-41d4-b056-9bebe9183afe": [[2.6373958587646484, 0.0, 2.6992435455322266, 0.0, 0.0, 0.0, 0.0, 0.0]], "45ba1903-cafe-4e57-b7ec-1de402d32cc1": [[0.0, 0.0, 0.0, 1.1731683015823364, 0.2188035398721695, 0.3545225262641907, 0.16478803753852844, 1.826769471168518]], "37e5167f-10d9-429d-99c4-260d68e39307": [[0.010906670242547989, 0.0, 0.004954701289534569, 0.0, 0.024202853441238403, 0.0, 0.0, 0.0]], "467f58b6-c640-493a-aceb-36dea9881778": [[0.01481349766254425, 0.0, 0.009666439145803452, 0.0, 0.03534204512834549, 0.0, 0.0, 0.0]], "41edbc3e-2636-4806-bd87-4c19f273bb3c": [[0.0, 0.0, 0.0, 0.9514580368995667, 0.0, 0.0, 0.0, 2.4559359550476074]], "6f6235eb-a751-43f2-8bad-506c884635db": [[0.0, 0.0, 0.0, 2.356125831604004, 1.6493477821350098, 1.7256083488464355, 2.918456792831421, 0.0]]}