{"22a9acc5-428a-41d4-b056-9bebe9183afe": [[0.0, 0.07863263785839081, 0.0, 0.0, 0.0, 0.15096327662467957, 0.5483412146568298, 0.0]], "45ba1903-cafe-4e57-b7ec-1de402d32cc1": [[0.0, 0.0, 0.0, 0.0, 0.0, 0.6325393915176392, 2.232135057449341, 0.0]], "37e5167f-10d9-429d-99c4-260d68e39307": [[0.0, 0.0, 1.1663157939910889, 0.0, 0.13026419281959534, 0.0, 0.0, 1.0014731884002686]], "467f58b6-c640-493a-aceb-36dea9881778": [[0.0, 0.0, 1.3418645858764648, 0.0, 0.1163325309753418, 0.0, 0.0, 0.6205403804779053]], "41edbc3e-2636-4806-bd87-4c19f273bb3c": [[1.4459866285324097, 1.871201515197754, 0.0, 1.1344467401504517, 0.0, 0.9578067064285278, 0.0, 0.0]], "6f6235eb-a751-43f2-8bad-506c884635db": [[0.0, 0.0, 0.0, 0.0, 0.6926892399787903, 0.0, 0.0, 0.0]]}