{"45ba1903-cafe-4e57-b7ec-1de402d32cc1": [0.03016086295247078], "22a9acc5-428a-41d4-b056-9bebe9183afe": [-0.010794502682983875], "37e5167f-10d9-429d-99c4-260d68e39307": [0.017234358936548233], "467f58b6-c640-493a-aceb-36dea9881778": [-0.005583462305366993], "6f6235eb-a751-43f2-8bad-506c884635db": [0.12361343950033188], "41edbc3e-2636-4806-bd87-4c19f273bb3c": [0.09433010220527649]}