{"def74e9c-ed9d-42fc-a20e-00cc35d69c24": [-0.0355597548186779], "a334c01f-0592-4f67-ae22-f15b486c369a": [0.06988850235939026]}