{"22a9acc5-428a-41d4-b056-9bebe9183afe": [[0.01534350961446762, 0.25068414211273193, 0.00695887953042984, 0.03273577615618706, 0.0, 0.0, 0.0, 0.3091195821762085]], "45ba1903-cafe-4e57-b7ec-1de402d32cc1": [[2.901154041290283, 0.0, 0.0, 0.0, 0.8643380403518677, 0.0, 0.0, 2.6101346015930176]], "37e5167f-10d9-429d-99c4-260d68e39307": [[0.0, 0.5496264100074768, 0.0, 0.5390846133232117, 0.0, 0.0, 0.0, 0.0]], "467f58b6-c640-493a-aceb-36dea9881778": [[0.0, 0.6559922695159912, 0.0, 0.42689815163612366, 0.0, 0.0, 0.0, 0.0]], "41edbc3e-2636-4806-bd87-4c19f273bb3c": [[4.077817440032959, 0.0, 0.0, 0.0, 2.051581621170044, 0.0, 0.0, 2.6421217918395996]], "6f6235eb-a751-43f2-8bad-506c884635db": [[0.0, 0.0, 3.0201923847198486, 0.0, 0.0, 0.0, 2.68285870552063, 0.0]]}