{"5f5a90e2-6601-480c-bc08-7592e06beacd": [[1.212845802307129, 0.0, 0.0, 0.9762694835662842, 0.8323871493339539, 0.2680111229419708, 0.9763022661209106, 0.6723374128341675, 0.0, 0.7463508248329163, 0.0, 0.0, 0.13504080474376678, 0.0, 0.0, 0.0, 0.0, 0.16575607657432556, 0.0, 0.0, 1.3559961318969727, 1.1664183139801025, 1.0345730781555176, 0.0, 1.4340883493423462, 0.0, 1.041191577911377, 1.2174543142318726, 0.0, 0.0, 0.08140859007835388, 0.2633962333202362, 0.0, 1.4591020345687866, 1.274525761604309, 0.0, 0.0, 0.0, 0.0, 0.0, 0.21849526464939117, 0.5829285383224487, 0.0, 0.9479299783706665, 0.0, 0.6139146089553833, 0.8985668420791626, 0.8401496410369873]], "0db6b893-14aa-4ae5-8e57-692ca7943ab5": [[0.0, 0.0, 0.0, 0.0, 0.28300532698631287, 0.384439080953598, 0.03025861456990242, 0.928364634513855, 0.0, 1.0682415962219238, 0.0, 0.0, 1.0435806512832642, 0.9813907146453857, 0.0, 0.0, 0.0, 1.2225652933120728, 0.0, 0.0, 0.0, 0.5237309336662292, 0.0, 0.0, 0.0, 0.5227764844894409, 0.0, 0.0, 0.0, 0.0, 1.0702632665634155, 0.19548428058624268, 0.0, 0.0, 0.0, 0.0, 0.0, 0.0, 0.0, 0.0, 0.0, 0.7939936518669128, 0.884489893913269, 0.0, 0.0, 0.0, 0.0, 0.0]]}