{"5f5a90e2-6601-480c-bc08-7592e06beacd": [[0.0, 0.4839835464954376, 0.0, 0.0, 0.0, 0.0, 0.0, 0.13906608521938324, 0.3627450168132782, 0.0, 0.0, 0.0, 0.0, 0.0, 0.5183807611465454, 0.0, 0.0, 0.0, 0.46762707829475403, 0.0, 0.0, 0.7309941053390503, 0.0, 0.0, 0.0, 0.5050721764564514, 0.46728837490081787, 0.0, 0.0, 0.0, 0.0, 0.0, 0.0, 0.37634167075157166, 0.0, 0.0, 0.0, 0.0843462198972702, 0.0, 0.0, 0.0, 0.40270382165908813, 0.0, 0.3842587471008301, 0.0, 0.0, 0.0, 0.4504684507846832]], "0db6b893-14aa-4ae5-8e57-692ca7943ab5": [[0.0, 0.49376145005226135, 0.0, 0.0, 0.0, 0.0, 0.0, 0.04877816140651703, 0.6186696290969849, 0.0, 0.0, 0.0, 0.0, 0.0, 0.3824484348297119, 0.0, 0.0, 0.0, 0.06904751062393188, 0.0, 0.0, 0.04566115885972977, 0.0, 0.0, 0.0, 0.5345296859741211, 0.21078263223171234, 0.0, 0.0, 0.0, 0.0, 0.2825882136821747, 0.0, 0.7245131731033325, 0.0, 0.0, 0.0, 0.4459235370159149, 0.0, 0.22211258113384247, 0.0, 0.07539704442024231, 0.0, 0.7542819380760193, 0.0, 0.5398445129394531, 0.0, 0.37758150696754456]]}