{"5f5a90e2-6601-480c-bc08-7592e06beacd": [-0.037963323295116425], "0db6b893-14aa-4ae5-8e57-692ca7943ab5": [0.058981213718652725]}