{"5f5a90e2-6601-480c-bc08-7592e06beacd": [[0.0, 0.0, 0.0, 0.0, 0.0, 0.29534390568733215, 0.42295345664024353, 0.6537550091743469, 0.0, 0.1697213351726532, 0.0, 0.49815642833709717, 0.0, 0.20738694071769714, 0.061978865414857864, 0.5361654758453369, 0.4212816655635834, 0.41619712114334106, 0.0, 0.4275069236755371, 0.0, 0.482899934053421, 0.42551693320274353, 0.0, 0.630282998085022, 0.29898524284362793, 0.06391391903162003, 0.0, 0.3865249752998352, 0.5211533308029175, 0.0, 0.0, 0.11091362684965134, 0.0, 0.05758777633309364, 0.0, 0.0, 0.0, 0.0, 0.42528727650642395, 0.285994291305542, 0.0, 0.024602172896265984, 0.39695701003074646, 0.4347147047519684, 0.0, 0.0, 0.29809388518333435]], "0db6b893-14aa-4ae5-8e57-692ca7943ab5": [[0.0, 0.0, 0.2442520707845688, 0.0, 0.0, 0.7158551812171936, 0.7349259853363037, 0.7102624177932739, 0.27908432483673096, 0.6859142780303955, 0.0, 0.7147499322891235, 0.0, 0.8244217038154602, 0.6782271265983582, 0.8467721939086914, 0.708432674407959, 0.7647526264190674, 0.0, 0.49892163276672363, 0.0, 0.774828314781189, 0.28269681334495544, 0.0, 0.7628276348114014, 0.575994610786438, 0.6341615319252014, 0.0, 0.5934478640556335, 0.7337956428527832, 0.0, 0.0, 0.2859051525592804, 0.25537145137786865, 0.4524584710597992, 0.0, 0.0, 0.0, 0.21100488305091858, 0.9167263507843018, 0.5950058102607727, 0.0, 0.4405829906463623, 0.7094193696975708, 0.5069769024848938, 0.0, 0.0, 0.6044580340385437]]}