{"062b735b-e094-4e8f-992a-a8e7fb15825d": [[0.0, 0.0, 0.1858408898115158, 0.03898204118013382, 0.0, 0.0, 0.3565618395805359, 0.4358152747154236, 0.0, 0.0, 0.0, 0.0, 0.0, 0.0, 0.5062984824180603, 0.0, 0.2973546087741852, 0.20077791810035706, 0.0, 0.0, 0.0, 0.0, 0.0, 0.19122314453125, 0.0, 0.0, 0.3940768837928772, 0.19587790966033936, 0.4903019070625305, 0.0, 0.4614787995815277, 0.0, 0.46135860681533813, 0.42924395203590393, 0.1848510205745697, 0.3445149064064026, 0.48397719860076904, 0.3417068123817444, 0.0, 0.0, 0.0, 0.0, 0.0, 0.0, 0.0, 0.0, 0.43533092737197876, 0.0]], "e03c0a22-9736-4af2-b116-1f599bdb53cb": [[0.0, 0.0, 0.4824192523956299, 0.22996929287910461, 0.0, 0.0, 0.5996297001838684, 0.8939400911331177, 0.0, 0.0, 0.0, 0.0, 0.0, 0.0, 0.8332205414772034, 0.0, 0.5868844985961914, 0.389874130487442, 0.0, 0.0, 0.0, 0.0, 0.0, 0.41668787598609924, 0.0, 0.0, 0.6603471636772156, 0.20759259164333344, 0.8246497511863708, 0.0, 0.7116883993148804, 0.0, 0.7268197536468506, 0.5320572853088379, 0.44003987312316895, 0.39530184864997864, 0.9118038415908813, 0.5287100076675415, 0.0, 0.0, 0.0, 0.0, 0.0, 0.0, 0.0, 0.0, 0.5371540188789368, 0.0]]}