{"5f5a90e2-6601-480c-bc08-7592e06beacd": [-0.1374802440404892], "0db6b893-14aa-4ae5-8e57-692ca7943ab5": [0.11153867840766907]}