{"5f5a90e2-6601-480c-bc08-7592e06beacd": [[2.2821877002716064, 0.0, 3.184019088745117, 0.0, 0.0, 0.0, 0.0, 1.2201405763626099, 0.0, 0.0, 0.0, 0.0, 1.762371301651001, 0.3947257399559021, 0.0, 0.0, 0.0, 0.0, 2.284695863723755, 0.0, 0.0, 0.0, 0.0, 0.0, 0.0, 0.1267213672399521, 0.0, 0.0, 0.0, 0.0, 1.3354039192199707, 0.0, 1.4766243696212769, 0.0, 0.0, 0.0, 0.0, 0.0, 0.0, 0.0, 0.0, 0.0, 0.0, 0.0, 0.0, 0.0, 0.0, 0.0]], "0db6b893-14aa-4ae5-8e57-692ca7943ab5": [[0.0, 0.6515534520149231, 0.0, 0.0, 0.0, 0.5269686579704285, 0.5552257895469666, 0.016223013401031494, 0.0, 0.5880352854728699, 0.0, 0.0, 0.0, 0.0, 0.0, 0.4913894534111023, 0.8027949333190918, 0.0, 0.0, 0.0, 0.0, 0.0, 0.0, 0.0, 0.7704517841339111, 0.4977022111415863, 0.0, 0.525573194026947, 0.0, 0.0, 0.0, 1.0796434879302979, 0.0, 0.0, 0.5550004839897156, 0.5721108913421631, 0.0, 0.7529053092002869, 0.0, 0.0, 0.0, 0.0, 0.8515366315841675, 0.17506539821624756, 0.79640132188797, 0.9038049578666687, 0.6018706560134888, 0.0]]}