{"062b735b-e094-4e8f-992a-a8e7fb15825d": [0.08004166185855865], "e03c0a22-9736-4af2-b116-1f599bdb53cb": [0.11097943782806396]}