{"5f5a90e2-6601-480c-bc08-7592e06beacd": [[0.16795597970485687, 0.0, 0.3726215958595276, 0.0, 0.0, 0.0, 0.0, 0.0, 0.4720878601074219, 1.490234375, 0.0, 1.2057135105133057, 0.0, 0.6202837228775024, 0.5465635657310486, 0.0, 0.0, 0.0, 0.0, 0.3530217409133911, 0.0, 0.9697871208190918, 0.0, 0.7247722744941711, 0.0, 1.4621083736419678, 0.0, 0.0, 0.0, 0.0, 0.0, 0.0, 0.0, 0.0, 1.471095323562622, 0.0, 0.6898412704467773, 0.0, 0.0, 0.0, 0.6285965442657471, 0.0, 0.5952441692352295, 0.4343583285808563, 0.0, 0.0, 0.0, 0.0]], "0db6b893-14aa-4ae5-8e57-692ca7943ab5": [[0.9849006533622742, 0.9643990397453308, 0.6487945318222046, 0.4717799425125122, 0.0, 0.0, 0.0, 0.9274130463600159, 0.8154395222663879, 0.0, 0.0, 0.0, 0.0, 0.0, 0.23529405891895294, 0.0, 0.0, 0.0, 0.0, 0.633359432220459, 0.0, 0.1838957667350769, 0.0, 0.7896405458450317, 0.0, 0.0, 0.0, 0.0, 0.0, 0.0, 1.0322659015655518, 0.0, 0.0, 1.0302015542984009, 0.0, 0.0, 0.22064727544784546, 0.0, 0.0, 0.0, 0.0, 0.0, 0.04038698971271515, 0.5325324535369873, 0.0, 0.7758408784866333, 0.0, 0.0]]}