{"5f5a90e2-6601-480c-bc08-7592e06beacd": [[0.0, 0.6344621777534485, 0.0, 0.0, 0.998978316783905, 0.0, 0.0, 1.0451114177703857, 0.0, 0.5203096866607666, 0.4344375431537628, 1.6212303638458252, 0.0, 0.0, 0.0, 0.6363540291786194, 1.0478742122650146, 1.188907504081726, 0.9952079057693481, 1.7974425554275513, 0.7423686981201172, 0.0, 0.0, 0.0, 0.8343101739883423, 1.5223764181137085, 1.2170941829681396, 0.0, 0.947085976600647, 1.210638165473938, 0.0, 0.0, 0.6993057131767273, 0.5271896123886108, 0.0, 0.7085121273994446, 1.190685749053955, 0.0, 0.7225096225738525, 1.4478083848953247, 0.4677562713623047, 0.0, 0.7673794031143188, 0.9005227088928223, 0.5759032964706421, 0.9890360832214355, 1.5255465507507324, 0.0]], "0db6b893-14aa-4ae5-8e57-692ca7943ab5": [[0.0, 1.3475639820098877, 0.0, 0.0, 0.3021332919597626, 0.0, 0.0, 0.6418570280075073, 0.0, 0.0, 0.9946931004524231, 0.03333791345357895, 0.0, 0.0, 0.0, 1.2778728008270264, 0.11858171224594116, 0.9487984776496887, 1.4063990116119385, 0.0, 1.1217848062515259, 0.0, 0.0, 0.0, 0.0, 0.0, 1.1100343465805054, 0.0, 1.6457178592681885, 1.0858012437820435, 0.0, 0.0, 1.1674882173538208, 1.0381914377212524, 0.0, 1.129660964012146, 0.7968126535415649, 0.0, 1.1685490608215332, 0.0, 0.7457482218742371, 0.0, 0.8553863167762756, 0.0, 1.1797258853912354, 1.2408690452575684, 1.2525873184204102, 0.0]]}