{"5f5a90e2-6601-480c-bc08-7592e06beacd": [[0.0, 0.0, 0.0, 0.44564327597618103, 0.0, 0.0, 0.0, 0.7450862526893616, 0.0, 0.0, 0.3600955009460449, 0.0, 0.0, 0.5216636061668396, 0.0, 0.0, 0.0, 1.083410620689392, 0.0, 0.4925192892551422, 0.0, 0.0, 0.0, 0.0, 0.0, 0.0, 0.0, 0.6113644242286682, 0.0, 0.0, 0.0, 0.7579962611198425, 0.08275197446346283, 0.0, 0.0, 0.20934036374092102, 0.0, 0.0, 0.6805717945098877, 0.0, 0.0, 0.0, 0.0, 0.0, 0.0, 0.0, 0.0, 0.0]], "0db6b893-14aa-4ae5-8e57-692ca7943ab5": [[0.7649055123329163, 0.0, 0.0, 0.18632309138774872, 0.7810652852058411, 0.0, 0.0, 0.0, 0.0, 0.0, 0.6847344040870667, 0.0, 0.0, 0.0, 0.0, 0.0, 0.0, 0.0, 0.0, 0.22789742052555084, 0.39022722840309143, 0.6187121272087097, 0.3493259847164154, 0.7186260223388672, 0.0, 0.7953110337257385, 0.6010706424713135, 0.0, 0.512333869934082, 0.6611737012863159, 0.0, 0.0, 0.0, 0.0, 0.0, 0.0, 0.0, 0.0, 0.0, 0.0, 0.0, 0.0, 0.2846730947494507, 0.35133275389671326, 0.0, 0.0, 0.0, 0.0]]}