{"d569ec70-f3fa-421c-88db-0773b26a2475": [-0.16915671527385712], "1067c159-be01-4f89-a1cf-a32cdd67bb72": [-0.1787634640932083], "2bc22ae6-ac3d-4aa5-82a4-dd55b8d8709b": [-0.19188328087329865]}