{"d569ec70-f3fa-421c-88db-0773b26a2475": [[0.2304338663816452, 0.446228951215744, 0.15079788863658905, 0.0, 0.4339815080165863, 0.38073068857192993, 0.0, 0.0]], "1067c159-be01-4f89-a1cf-a32cdd67bb72": [[0.08719930052757263, 0.5430668592453003, 0.18383850157260895, 0.0, 0.40587520599365234, 0.38288968801498413, 0.13178715109825134, 0.0]], "2bc22ae6-ac3d-4aa5-82a4-dd55b8d8709b": [[0.05504773557186127, 0.48243528604507446, 0.1230812519788742, 0.0, 0.4480282664299011, 0.3575860857963562, 0.12343164533376694, 0.0]]}