{"0db6b893-14aa-4ae5-8e57-692ca7943ab5": [-0.24910713732242584], "90bab470-e5d4-4d93-bd0a-15c51918f172": [-0.15925373136997223], "5f5a90e2-6601-480c-bc08-7592e06beacd": [-0.22801366448402405]}