{"0db6b893-14aa-4ae5-8e57-692ca7943ab5": [[0.0, 0.0016160029917955399, 0.29030776023864746, 0.1450013518333435, 0.11917686462402344, 0.0, 0.0, 0.0019875243306159973, 0.27087727189064026, 0.0, 0.0918959379196167, 0.0, 0.0022917427122592926, 0.0, 0.1773608922958374, 0.18896493315696716, 0.08520323038101196, 0.0, 0.0, 0.11596755683422089, 0.0, 0.0, 0.0, 0.0, 0.00028566946275532246, 0.09661944210529327, 0.0, 0.0, 0.2374960035085678, 0.0, 0.0, 0.04458804428577423, 0.01373635046184063, 0.0, 0.0, 0.0, 0.0, 0.0, 0.0, 0.2088407278060913, 0.13332335650920868, 0.06598585844039917, 0.011407379060983658, 0.03315705433487892, 0.0, 0.0, 0.0, 0.09960591793060303]], "90bab470-e5d4-4d93-bd0a-15c51918f172": [[0.0, 0.0, 0.0, 0.0, 0.3889484405517578, 0.0, 0.0, 0.5598565936088562, 0.0, 0.5802702307701111, 0.0, 0.0, 0.0, 0.6964919567108154, 0.0, 0.0, 0.3882826268672943, 0.0, 0.0, 0.0, 0.7633759379386902, 0.0, 0.6775294542312622, 0.0, 0.0, 0.5141559839248657, 0.7392363548278809, 0.0, 0.0, 0.7909420132637024, 0.4651714265346527, 0.0, 0.3508383631706238, 0.0, 0.6852219700813293, 0.0, 0.5635359883308411, 0.0, 0.0, 0.0, 0.0, 0.0, 0.0, 0.0, 0.8183368444442749, 0.4877062439918518, 0.0, 0.0]], "5f5a90e2-6601-480c-bc08-7592e06beacd": [[0.0, 0.02239764854311943, 0.151066392660141, 0.001013871282339096, 0.167883038520813, 0.0, 0.0, 0.0, 0.2074868083000183, 0.0, 0.07655276358127594, 0.0, 0.0, 0.0, 0.13684755563735962, 0.02322639338672161, 0.0, 0.0, 0.0, 0.15704482793807983, 0.0, 0.014470834285020828, 0.057178523391485214, 0.0, 0.07869134843349457, 0.00944182276725769, 0.0, 0.0, 0.15130318701267242, 0.0, 0.0, 0.019363971427083015, 0.06757169216871262, 0.0, 0.0, 0.0, 0.0, 0.0, 0.060347121208906174, 0.15597939491271973, 0.07532595843076706, 0.01343126967549324, 0.10105470567941666, 0.17168210446834564, 0.013476379215717316, 0.025211691856384277, 0.0, 0.1445569545030594]]}